<?xml version="1.0" encoding="UTF-8"?>
<metadata xml:lang="en"><Esri><CreaDate>20150309</CreaDate><CreaTime>14503900</CreaTime><ArcGISFormat>1.0</ArcGISFormat><SyncOnce>TRUE</SyncOnce><DataProperties><lineage><Process ToolSource="c:\program files (x86)\arcgis\desktop10.2\ArcToolbox\Toolboxes\Data Management Tools.tbx\Project" Date="20150309" Time="093629">Project G:\MAX-Filer\Collab\jdallen-F07\Admin\Pat\GIS\neighborhoods.shp G:\MAX-Filer\Collab\jdallen-F07\Admin\Pat\GIS\socpa_neighborhoods_utm.shp PROJCS['NAD_1983_UTM_Zone_18N',GEOGCS['GCS_North_American_1983',DATUM['D_North_American_1983',SPHEROID['GRS_1980',6378137.0,298.257222101]],PRIMEM['Greenwich',0.0],UNIT['Degree',0.0174532925199433]],PROJECTION['Transverse_Mercator'],PARAMETER['False_Easting',500000.0],PARAMETER['False_Northing',0.0],PARAMETER['Central_Meridian',-75.0],PARAMETER['Scale_Factor',0.9996],PARAMETER['Latitude_Of_Origin',0.0],UNIT['Meter',1.0]] NAD_1927_To_NAD_1983_NADCON PROJCS['NAD_1927_StatePlane_New_York_Central_FIPS_3102',GEOGCS['GCS_North_American_1927',DATUM['D_North_American_1927',SPHEROID['Clarke_1866',6378206.4,294.9786982]],PRIMEM['Greenwich',0.0],UNIT['Degree',0.0174532925199433]],PROJECTION['Transverse_Mercator'],PARAMETER['False_Easting',500000.0],PARAMETER['False_Northing',0.0],PARAMETER['Central_Meridian',-76.58333333333333],PARAMETER['Scale_Factor',0.9999375],PARAMETER['Latitude_Of_Origin',40.0],UNIT['Foot_US',0.3048006096012192]]</Process></lineage><itemProps><itemLocation><linkage Sync="TRUE">file://\\shared.ad.syr.edu\drive\MAX-Filer\Collab\Geo Datasets-bevonkno-F07\Distribution Materials\Syracuse_GIS\Neighborhoods\March2015\socpa_neighborhoods_utm</linkage><protocol Sync="TRUE">Local Area Network</protocol></itemLocation></itemProps><copyHistory><copy source="G:\MAX-Filer\Collab\jdallen-F07\Admin\Pat\GIS\socpa_neighborhoods_utm" dest="\\shared.ad.syr.edu\drive\MAX-Filer\Collab\Geo Datasets-bevonkno-F07\Distribution Materials\Syracuse_GIS\Neighborhoods\March2015\socpa_neighborhoods_utm" date="20150309" time="14503900"></copy></copyHistory></DataProperties></Esri></metadata>
